frag_id,ion_type,series,frag_len,charge,H2O,NH3,CO,CO2,2H2O,2NH3,variant_type,variant_suffix,variant_pass_count,%H,%2H,obs_idx,obs_mz,obs_int,obs_rel_int,anchor_theory_mz,anchor_ppm,css,rawcos,cos0,w0,w_plusH,w_plus2H,w_minusH,w_minus2H,label
c25,c,c,25,1,0,0,0,0,0,0,nonmodified,,1,100.0,0.0,1028,2689.5879,24.29,0.0002226397800183318,2689.656361,-25.45343746975523,0.9103226320355803,0.5428190275239272,0.8388565121209539,0.0,0.0,0.0,1.0,0.0,c25^1+ | -25.5 ppm | css=0.910 | %H=100 | %2H=0 | -mix
c25-2H2O,c,c,25,1,0,0,0,0,1,0,nonmodified,,1,0.0,100.0,805,2651.6213,13.96,0.00012795600366636114,2651.624655,-1.2652620324513184,0.8418148987444727,0.5680892466434609,0.685278329028389,0.0,0.0,0.0,0.0,1.0,c25-2H2O^1+ | -1.3 ppm | css=0.842 | %H=0 | %2H=100 | -mix
c25-CO2,c,c,25,1,0,0,0,1,0,0,nonmodified,,1,0.0,0.0,764,2646.7024,39.5,0.0003620531622364803,2646.673808,10.802993521034976,0.7910041870575317,0.8040231942903536,0.8040231942903536,1.0,0.0,0.0,0.0,0.0,c25-CO2^1+ | 10.8 ppm | css=0.791
c25-2NH3,c,c,25,1,0,0,0,0,0,1,nonmodified,,1,100.0,0.0,833,2655.5403,39.33,0.0003604949587534372,2655.603263,-23.709490373470075,0.7867368948047632,0.4680539856624848,0.5247390698233231,0.0,0.0,0.0,1.0,0.0,c25-2NH3^1+ | -23.7 ppm | css=0.787 | %H=100 | %2H=0 | -mix
