spec,label,formula,mono_mass,avg_mass,z,h_transfer,variant_type,variant_suffix,variant_pass_count,theory_mz,theory_int,obs_mz,ppm,obs_int,within,obs_idx
c25^1+,c25^1+,"Composition({'H': 217, 'C': 125, 'O': 30, 'N': 35})",2688.6530607139903,2690.28189091827,1,-1,nonmodified,,1,2688.5846,15.680578419031042,2688.6155,11.493036149856247,21.94,True,34304
c25^1+,c25^1+,"Composition({'H': 217, 'C': 125, 'O': 30, 'N': 35})",2688.6530607139903,2690.28189091827,1,-1,nonmodified,,1,2689.5879,24.29,2689.5879,0.0,24.29,True,34311
c25^1+,c25^1+,"Composition({'H': 217, 'C': 125, 'O': 30, 'N': 35})",2688.6530607139903,2690.28189091827,1,-1,nonmodified,,1,2690.5912000000003,19.631629992672945,2690.6147,8.734139916827704,3.75,True,34317
c25^1+,c25^1+,"Composition({'H': 217, 'C': 125, 'O': 30, 'N': 35})",2688.6530607139903,2690.28189091827,1,-1,nonmodified,,1,2691.5945,10.982474714765335,2691.5854,-3.3808955993247953,1.917,True,34323
c25^1+,c25^1+,"Composition({'H': 217, 'C': 125, 'O': 30, 'N': 35})",2688.6530607139903,2690.28189091827,1,-1,nonmodified,,1,2692.5978,4.765054258117063,2692.6472,18.346594504339922,4.371,True,34332
c25^1+,c25^1+,"Composition({'H': 217, 'C': 125, 'O': 30, 'N': 35})",2688.6530607139903,2690.28189091827,1,-1,nonmodified,,1,2693.6011000000003,1.7047488267194637,2693.5378,-23.500138903363947,0.9714,True,34340
c25^1+,c25^1+,"Composition({'H': 217, 'C': 125, 'O': 30, 'N': 35})",2688.6530607139903,2690.28189091827,1,-1,nonmodified,,1,2694.6044,0.5224116395360624,2694.5498,-20.262714630908878,1.457,True,34349
